DROP TABLE ALUNO_DISP_AVAL;
DROP TABLE AVALIACAO;
DROP TABLE ALUNO_DISCIPLINA;
DROP TABLE ALUNO;
DROP TABLE DISCIPLINA;
DROP TABLE PROFESSOR;
DROP TABLE CIDADE;

CREATE TABLE CIDADE(COD_CIDADE INTEGER NOT NULL CONSTRAINT PK_CIDADE PRIMARY KEY,
NOME_CIDADE VARCHAR2(20));

CREATE TABLE PROFESSOR(COD_PROFESSOR CHAR(4) NOT NULL CONSTRAINT PK_PROFESSOR PRIMARY KEY,
NOME_PROFESSOR VARCHAR2(20),
COD_CIDADE INTEGER,
CONSTRAINT FK_PROF_CIDADE FOREIGN KEY (COD_CIDADE) REFERENCES CIDADE);

CREATE TABLE DISCIPLINA(COD_DISCIPLINA CHAR(3) NOT NULL CONSTRAINT PK_DISCIPLINA PRIMARY KEY,
NOME_DISCIPLINA VARCHAR2(20),
COD_PROFESSOR CHAR(4) CONSTRAINT FK_DISC_PROF REFERENCES PROFESSOR);

CREATE TABLE ALUNO(COD_ALUNO CHAR(7) NOT NULL CONSTRAINT PK_ALUNO PRIMARY KEY,
NOME_ALUNO VARCHAR2(20),
IDADE INTEGER,
COD_CIDADE INTEGER,
CONSTRAINT FK_ALUNO_CIDADE FOREIGN KEY(COD_CIDADE) REFERENCES CIDADE);


CREATE TABLE ALUNO_DISCIPLINA(COD_ALUNO CHAR(7) NOT NULL CONSTRAINT FK_AL_DISP_ALUNO REFERENCES ALUNO,
COD_DISCIPLINA CHAR(3) NOT NULL CONSTRAINT FK_AL_DISP_DISCIPLINA REFERENCES DISCIPLINA,
CONSTRAINT PK_ALUNO_DISCIPLINA PRIMARY KEY(COD_ALUNO, COD_DISCIPLINA));

CREATE TABLE AVALIACAO(COD_AVALIACAO CHAR(3) NOT NULL CONSTRAINT PK_AVALIACAO PRIMARY KEY,
DESCRICAO VARCHAR2(50));

CREATE TABLE ALUNO_DISP_AVAL(COD_ALUNO CHAR(7) NOT NULL,
COD_DISCIPLINA CHAR(3) NOT NULL,
COD_AVALIACAO CHAR(3) NOT NULL CONSTRAINT FK_ADAV_AVALIACAO REFERENCES AVALIACAO,
CONSTRAINT FK_ADAV_AL_DISP FOREIGN KEY(COD_ALUNO, COD_DISCIPLINA) REFERENCES ALUNO_DISCIPLINA,
CONSTRAINT PK_ALUNO_DISP_AVAL PRIMARY KEY(COD_ALUNO, COD_DISCIPLINA, COD_AVALIACAO),
NOTA NUMBER(4,2) DEFAULT 0 NOT NULL);

DELETE FROM ALUNO_DISP_AVAL;
DELETE FROM AVALIACAO;
DELETE FROM ALUNO_DISCIPLINA;
DELETE FROM DISCIPLINA;
DELETE FROM ALUNO;
DELETE FROM PROFESSOR;
DELETE FROM CIDADE;

INSERT INTO CIDADE VALUES (1, 'SÃO PAULO');
INSERT INTO CIDADE VALUES (2, 'BIRIGUI');
INSERT INTO CIDADE VALUES (3, 'ARAÇATUBA');
INSERT INTO CIDADE VALUES (4, 'BURITAMA');
INSERT INTO CIDADE VALUES (5, 'PRESIDENTE PRUDENTE');

INSERT INTO PROFESSOR (COD_PROFESSOR, NOME_PROFESSOR, COD_CIDADE) VALUES ('P001', 'ANDRE', 5);
INSERT INTO PROFESSOR (COD_PROFESSOR, NOME_PROFESSOR, COD_CIDADE) VALUES ('P002', 'VALTEMIR', 4);
INSERT INTO PROFESSOR (COD_PROFESSOR, NOME_PROFESSOR, COD_CIDADE) VALUES ('P003', 'FRANCISCO', 2);
INSERT INTO PROFESSOR (COD_PROFESSOR, NOME_PROFESSOR, COD_CIDADE) VALUES ('P004', 'KARINA', 3);

INSERT INTO DISCIPLINA ( NOME_DISCIPLINA,COD_DISCIPLINA, COD_PROFESSOR) values ('Banco de Dados I','BD1', 'P002');
INSERT INTO DISCIPLINA ( NOME_DISCIPLINA,COD_DISCIPLINA, COD_PROFESSOR) values ('Banco de Dados II','BD2', 'P002');
INSERT INTO DISCIPLINA ( NOME_DISCIPLINA,COD_DISCIPLINA, COD_PROFESSOR) values ('Logica I','LP1', 'P004');
INSERT INTO DISCIPLINA ( NOME_DISCIPLINA,COD_DISCIPLINA, COD_PROFESSOR) values ('Logica II','LP2', 'P001');
INSERT INTO DISCIPLINA ( NOME_DISCIPLINA,COD_DISCIPLINA, COD_PROFESSOR) values ('Sist. Op. I','SO1', 'P003');
INSERT INTO DISCIPLINA ( NOME_DISCIPLINA,COD_DISCIPLINA, COD_PROFESSOR) values ('Sist. Op. II','SO2', 'P003');
INSERT INTO DISCIPLINA ( NOME_DISCIPLINA,COD_DISCIPLINA, COD_PROFESSOR) values ('Redes I','RD1', 'P003');

insert into aluno (cod_aluno, nome_aluno, idade, cod_cidade) values ('1057146', 'ANDERSON CARDOSO', 18, 1);
insert into aluno (cod_aluno, nome_aluno, idade, cod_cidade) values ('1057316', 'CARLOS HENRIQUE', 16, 1);
insert into aluno (cod_aluno, nome_aluno, idade, coD_cidade) values ('1058274', 'EDI CARLOS', 17, 2);
insert into aluno (cod_aluno, nome_aluno, idade, cod_cidade) values ('1058665', 'EDUARDO FIUMARI', 19, 3);
insert into aluno (cod_aluno, nome_aluno, idade, cod_cidade) values ('1058002', 'FELIPE ANTONIO', 23, 2);
insert into aluno (cod_aluno, nome_aluno, idade, cod_cidade) values ('1058622', 'GABRIEL BORGES', 14, 2);
insert into aluno (cod_aluno, nome_aluno, idade, cod_cidade) values ('1058355', 'ITALO BRUNO', 15, 3);

--delete from disciplina;

INSERT INTO ALUNO_DISCIPLINA(COD_ALUNO, COD_DISCIPLINA) VALUES('1057146','BD1');
INSERT INTO ALUNO_DISCIPLINA(COD_ALUNO, COD_DISCIPLINA) VALUES('1057146','LP2');
INSERT INTO ALUNO_DISCIPLINA(COD_ALUNO, COD_DISCIPLINA) VALUES('1057146','SO1');
INSERT INTO ALUNO_DISCIPLINA(COD_ALUNO, COD_DISCIPLINA) VALUES('1057146','RD1');
INSERT INTO ALUNO_DISCIPLINA(COD_ALUNO, COD_DISCIPLINA) VALUES('1057316','BD2');
INSERT INTO ALUNO_DISCIPLINA(COD_ALUNO, COD_DISCIPLINA) VALUES('1057316','LP2');
INSERT INTO ALUNO_DISCIPLINA(COD_ALUNO, COD_DISCIPLINA) VALUES('1057316','SO1');
INSERT INTO ALUNO_DISCIPLINA(COD_ALUNO, COD_DISCIPLINA) VALUES('1058274','BD1');
INSERT INTO ALUNO_DISCIPLINA(COD_ALUNO, COD_DISCIPLINA) VALUES('1058274','LP2');
INSERT INTO ALUNO_DISCIPLINA(COD_ALUNO, COD_DISCIPLINA) VALUES('1058274','SO1');
INSERT INTO ALUNO_DISCIPLINA(COD_ALUNO, COD_DISCIPLINA) VALUES('1058274','RD1');
INSERT INTO ALUNO_DISCIPLINA(COD_ALUNO, COD_DISCIPLINA) VALUES('1058665','BD2');
INSERT INTO ALUNO_DISCIPLINA(COD_ALUNO, COD_DISCIPLINA) VALUES('1058665','LP2');
INSERT INTO ALUNO_DISCIPLINA(COD_ALUNO, COD_DISCIPLINA) VALUES('1058665','SO2');
INSERT INTO ALUNO_DISCIPLINA(COD_ALUNO, COD_DISCIPLINA) VALUES('1058665','RD1');
INSERT INTO ALUNO_DISCIPLINA(COD_ALUNO, COD_DISCIPLINA) VALUES('1058002','BD2');
INSERT INTO ALUNO_DISCIPLINA(COD_ALUNO, COD_DISCIPLINA) VALUES('1058002','LP1');
INSERT INTO ALUNO_DISCIPLINA(COD_ALUNO, COD_DISCIPLINA) VALUES('1058002','SO1');
INSERT INTO ALUNO_DISCIPLINA(COD_ALUNO, COD_DISCIPLINA) VALUES('1058002','RD1');
INSERT INTO ALUNO_DISCIPLINA(COD_ALUNO, COD_DISCIPLINA) VALUES('1058622','BD1');
INSERT INTO ALUNO_DISCIPLINA(COD_ALUNO, COD_DISCIPLINA) VALUES('1058622','LP1');
INSERT INTO ALUNO_DISCIPLINA(COD_ALUNO, COD_DISCIPLINA) VALUES('1058622','SO1');
INSERT INTO ALUNO_DISCIPLINA(COD_ALUNO, COD_DISCIPLINA) VALUES('1058355','BD2');
INSERT INTO ALUNO_DISCIPLINA(COD_ALUNO, COD_DISCIPLINA) VALUES('1058355','LP1');
INSERT INTO ALUNO_DISCIPLINA(COD_ALUNO, COD_DISCIPLINA) VALUES('1058355','SO1');

INSERT INTO AVALIACAO(COD_AVALIACAO, DESCRICAO) VALUES('AV1','AVALIAÇÃO 1');
INSERT INTO AVALIACAO(COD_AVALIACAO, DESCRICAO) VALUES('AV2','AVALIAÇÃO 2');
INSERT INTO AVALIACAO(COD_AVALIACAO, DESCRICAO) VALUES('AV3','AVALIAÇÃO 3');

INSERT INTO ALUNO_DISP_AVAL(COD_DISCIPLINA, COD_ALUNO, COD_AVALIACAO, NOTA) VALUES ('BD1','1057146','AV1',4);
INSERT INTO ALUNO_DISP_AVAL(COD_DISCIPLINA, COD_ALUNO, COD_AVALIACAO, NOTA) VALUES ('BD1','1057146','AV2',4);
INSERT INTO ALUNO_DISP_AVAL(COD_DISCIPLINA, COD_ALUNO, COD_AVALIACAO, NOTA) VALUES ('BD1','1057146','AV3',3);
INSERT INTO ALUNO_DISP_AVAL(COD_DISCIPLINA, COD_ALUNO, COD_AVALIACAO, NOTA) VALUES ('LP2','1057146','AV1',5);
INSERT INTO ALUNO_DISP_AVAL(COD_DISCIPLINA, COD_ALUNO, COD_AVALIACAO, NOTA) VALUES ('LP2','1057146','AV2',5);
INSERT INTO ALUNO_DISP_AVAL(COD_DISCIPLINA, COD_ALUNO, COD_AVALIACAO, NOTA) VALUES ('LP2','1057146','AV3',2);
INSERT INTO ALUNO_DISP_AVAL(COD_DISCIPLINA, COD_ALUNO, COD_AVALIACAO, NOTA) VALUES ('SO1','1057146','AV1',7);
INSERT INTO ALUNO_DISP_AVAL(COD_DISCIPLINA, COD_ALUNO, COD_AVALIACAO, NOTA) VALUES ('SO1','1057146','AV2',8);
INSERT INTO ALUNO_DISP_AVAL(COD_DISCIPLINA, COD_ALUNO, COD_AVALIACAO, NOTA) VALUES ('SO1','1057146','AV3',6);
INSERT INTO ALUNO_DISP_AVAL(COD_DISCIPLINA, COD_ALUNO, COD_AVALIACAO, NOTA) VALUES ('RD1','1057146','AV1',9);
INSERT INTO ALUNO_DISP_AVAL(COD_DISCIPLINA, COD_ALUNO, COD_AVALIACAO, NOTA) VALUES ('RD1','1057146','AV2',8);
INSERT INTO ALUNO_DISP_AVAL(COD_DISCIPLINA, COD_ALUNO, COD_AVALIACAO, NOTA) VALUES ('RD1','1057146','AV3',7);
INSERT INTO ALUNO_DISP_AVAL(COD_DISCIPLINA, COD_ALUNO, COD_AVALIACAO, NOTA) VALUES ('BD2','1057316','AV1',3);
INSERT INTO ALUNO_DISP_AVAL(COD_DISCIPLINA, COD_ALUNO, COD_AVALIACAO, NOTA) VALUES ('BD2','1057316','AV2',7);
INSERT INTO ALUNO_DISP_AVAL(COD_DISCIPLINA, COD_ALUNO, COD_AVALIACAO, NOTA) VALUES ('BD2','1057316','AV3',8);
INSERT INTO ALUNO_DISP_AVAL(COD_DISCIPLINA, COD_ALUNO, COD_AVALIACAO, NOTA) VALUES ('LP2','1057316','AV1',2);
INSERT INTO ALUNO_DISP_AVAL(COD_DISCIPLINA, COD_ALUNO, COD_AVALIACAO, NOTA) VALUES ('LP2','1057316','AV2',6);
INSERT INTO ALUNO_DISP_AVAL(COD_DISCIPLINA, COD_ALUNO, COD_AVALIACAO, NOTA) VALUES ('LP2','1057316','AV3',7);
INSERT INTO ALUNO_DISP_AVAL(COD_DISCIPLINA, COD_ALUNO, COD_AVALIACAO, NOTA) VALUES ('SO1','1057316','AV1',10);
INSERT INTO ALUNO_DISP_AVAL(COD_DISCIPLINA, COD_ALUNO, COD_AVALIACAO, NOTA) VALUES ('SO1','1057316','AV2',3);
INSERT INTO ALUNO_DISP_AVAL(COD_DISCIPLINA, COD_ALUNO, COD_AVALIACAO, NOTA) VALUES ('SO1','1057316','AV3',1);
INSERT INTO ALUNO_DISP_AVAL(COD_DISCIPLINA, COD_ALUNO, COD_AVALIACAO, NOTA) VALUES ('BD1','1058274','AV1',10);
INSERT INTO ALUNO_DISP_AVAL(COD_DISCIPLINA, COD_ALUNO, COD_AVALIACAO, NOTA) VALUES ('BD1','1058274','AV2',2);
INSERT INTO ALUNO_DISP_AVAL(COD_DISCIPLINA, COD_ALUNO, COD_AVALIACAO, NOTA) VALUES ('BD1','1058274','AV3',3);
INSERT INTO ALUNO_DISP_AVAL(COD_DISCIPLINA, COD_ALUNO, COD_AVALIACAO, NOTA) VALUES ('LP2','1058274','AV1',4);
INSERT INTO ALUNO_DISP_AVAL(COD_DISCIPLINA, COD_ALUNO, COD_AVALIACAO, NOTA) VALUES ('LP2','1058274','AV2',1);
INSERT INTO ALUNO_DISP_AVAL(COD_DISCIPLINA, COD_ALUNO, COD_AVALIACAO, NOTA) VALUES ('LP2','1058274','AV3',2);
INSERT INTO ALUNO_DISP_AVAL(COD_DISCIPLINA, COD_ALUNO, COD_AVALIACAO, NOTA) VALUES ('SO1','1058274','AV1',5);
INSERT INTO ALUNO_DISP_AVAL(COD_DISCIPLINA, COD_ALUNO, COD_AVALIACAO, NOTA) VALUES ('SO1','1058274','AV2',0);
INSERT INTO ALUNO_DISP_AVAL(COD_DISCIPLINA, COD_ALUNO, COD_AVALIACAO, NOTA) VALUES ('SO1','1058274','AV3',1);
INSERT INTO ALUNO_DISP_AVAL(COD_DISCIPLINA, COD_ALUNO, COD_AVALIACAO, NOTA) VALUES ('RD1','1058274','AV1',8);
INSERT INTO ALUNO_DISP_AVAL(COD_DISCIPLINA, COD_ALUNO, COD_AVALIACAO, NOTA) VALUES ('RD1','1058274','AV2',0);
INSERT INTO ALUNO_DISP_AVAL(COD_DISCIPLINA, COD_ALUNO, COD_AVALIACAO, NOTA) VALUES ('RD1','1058274','AV3',0);
INSERT INTO ALUNO_DISP_AVAL(COD_DISCIPLINA, COD_ALUNO, COD_AVALIACAO, NOTA) VALUES ('BD2','1058665','AV1',8);
INSERT INTO ALUNO_DISP_AVAL(COD_DISCIPLINA, COD_ALUNO, COD_AVALIACAO, NOTA) VALUES ('BD2','1058665','AV2',7);
INSERT INTO ALUNO_DISP_AVAL(COD_DISCIPLINA, COD_ALUNO, COD_AVALIACAO, NOTA) VALUES ('BD2','1058665','AV3',0);
INSERT INTO ALUNO_DISP_AVAL(COD_DISCIPLINA, COD_ALUNO, COD_AVALIACAO, NOTA) VALUES ('LP2','1058665','AV1',7);
INSERT INTO ALUNO_DISP_AVAL(COD_DISCIPLINA, COD_ALUNO, COD_AVALIACAO, NOTA) VALUES ('LP2','1058665','AV2',5);
INSERT INTO ALUNO_DISP_AVAL(COD_DISCIPLINA, COD_ALUNO, COD_AVALIACAO, NOTA) VALUES ('LP2','1058665','AV3',7);
INSERT INTO ALUNO_DISP_AVAL(COD_DISCIPLINA, COD_ALUNO, COD_AVALIACAO, NOTA) VALUES ('SO2','1058665','AV1',6);
INSERT INTO ALUNO_DISP_AVAL(COD_DISCIPLINA, COD_ALUNO, COD_AVALIACAO, NOTA) VALUES ('SO2','1058665','AV2',4);
INSERT INTO ALUNO_DISP_AVAL(COD_DISCIPLINA, COD_ALUNO, COD_AVALIACAO, NOTA) VALUES ('SO2','1058665','AV3',1);
INSERT INTO ALUNO_DISP_AVAL(COD_DISCIPLINA, COD_ALUNO, COD_AVALIACAO, NOTA) VALUES ('RD1','1058665','AV1',3);
INSERT INTO ALUNO_DISP_AVAL(COD_DISCIPLINA, COD_ALUNO, COD_AVALIACAO, NOTA) VALUES ('RD1','1058665','AV2',3);
INSERT INTO ALUNO_DISP_AVAL(COD_DISCIPLINA, COD_ALUNO, COD_AVALIACAO, NOTA) VALUES ('RD1','1058665','AV3',4);
INSERT INTO ALUNO_DISP_AVAL(COD_DISCIPLINA, COD_ALUNO, COD_AVALIACAO, NOTA) VALUES ('BD2','1058002','AV1',2);
INSERT INTO ALUNO_DISP_AVAL(COD_DISCIPLINA, COD_ALUNO, COD_AVALIACAO, NOTA) VALUES ('BD2','1058002','AV2',2);
INSERT INTO ALUNO_DISP_AVAL(COD_DISCIPLINA, COD_ALUNO, COD_AVALIACAO, NOTA) VALUES ('BD2','1058002','AV3',3);
INSERT INTO ALUNO_DISP_AVAL(COD_DISCIPLINA, COD_ALUNO, COD_AVALIACAO, NOTA) VALUES ('LP1','1058002','AV1',1);
INSERT INTO ALUNO_DISP_AVAL(COD_DISCIPLINA, COD_ALUNO, COD_AVALIACAO, NOTA) VALUES ('LP1','1058002','AV2',6);
INSERT INTO ALUNO_DISP_AVAL(COD_DISCIPLINA, COD_ALUNO, COD_AVALIACAO, NOTA) VALUES ('LP1','1058002','AV3',2);
INSERT INTO ALUNO_DISP_AVAL(COD_DISCIPLINA, COD_ALUNO, COD_AVALIACAO, NOTA) VALUES ('SO1','1058002','AV1',0);
INSERT INTO ALUNO_DISP_AVAL(COD_DISCIPLINA, COD_ALUNO, COD_AVALIACAO, NOTA) VALUES ('SO1','1058002','AV2',2);
INSERT INTO ALUNO_DISP_AVAL(COD_DISCIPLINA, COD_ALUNO, COD_AVALIACAO, NOTA) VALUES ('SO1','1058002','AV3',6);
INSERT INTO ALUNO_DISP_AVAL(COD_DISCIPLINA, COD_ALUNO, COD_AVALIACAO, NOTA) VALUES ('RD1','1058002','AV1',0);
INSERT INTO ALUNO_DISP_AVAL(COD_DISCIPLINA, COD_ALUNO, COD_AVALIACAO, NOTA) VALUES ('RD1','1058002','AV2',12);
INSERT INTO ALUNO_DISP_AVAL(COD_DISCIPLINA, COD_ALUNO, COD_AVALIACAO, NOTA) VALUES ('RD1','1058002','AV3',2);
INSERT INTO ALUNO_DISP_AVAL(COD_DISCIPLINA, COD_ALUNO, COD_AVALIACAO, NOTA) VALUES ('BD1','1058622','AV1',7);
INSERT INTO ALUNO_DISP_AVAL(COD_DISCIPLINA, COD_ALUNO, COD_AVALIACAO, NOTA) VALUES ('BD1','1058622','AV2',12);
INSERT INTO ALUNO_DISP_AVAL(COD_DISCIPLINA, COD_ALUNO, COD_AVALIACAO, NOTA) VALUES ('BD1','1058622','AV3',10);
INSERT INTO ALUNO_DISP_AVAL(COD_DISCIPLINA, COD_ALUNO, COD_AVALIACAO, NOTA) VALUES ('LP1','1058622','AV1',5);
INSERT INTO ALUNO_DISP_AVAL(COD_DISCIPLINA, COD_ALUNO, COD_AVALIACAO, NOTA) VALUES ('LP1','1058622','AV2',4);
INSERT INTO ALUNO_DISP_AVAL(COD_DISCIPLINA, COD_ALUNO, COD_AVALIACAO, NOTA) VALUES ('LP1','1058622','AV3',5);
INSERT INTO ALUNO_DISP_AVAL(COD_DISCIPLINA, COD_ALUNO, COD_AVALIACAO, NOTA) VALUES ('SO1','1058622','AV1',4);
INSERT INTO ALUNO_DISP_AVAL(COD_DISCIPLINA, COD_ALUNO, COD_AVALIACAO, NOTA) VALUES ('SO1','1058622','AV2',5);
INSERT INTO ALUNO_DISP_AVAL(COD_DISCIPLINA, COD_ALUNO, COD_AVALIACAO, NOTA) VALUES ('SO1','1058622','AV3',8);
INSERT INTO ALUNO_DISP_AVAL(COD_DISCIPLINA, COD_ALUNO, COD_AVALIACAO, NOTA) VALUES ('BD2','1058355','AV1',3);
INSERT INTO ALUNO_DISP_AVAL(COD_DISCIPLINA, COD_ALUNO, COD_AVALIACAO, NOTA) VALUES ('BD2','1058355','AV2',8);
INSERT INTO ALUNO_DISP_AVAL(COD_DISCIPLINA, COD_ALUNO, COD_AVALIACAO, NOTA) VALUES ('BD2','1058355','AV3',7);
INSERT INTO ALUNO_DISP_AVAL(COD_DISCIPLINA, COD_ALUNO, COD_AVALIACAO, NOTA) VALUES ('LP1','1058355','AV1',2);
INSERT INTO ALUNO_DISP_AVAL(COD_DISCIPLINA, COD_ALUNO, COD_AVALIACAO, NOTA) VALUES ('LP1','1058355','AV2',8);
INSERT INTO ALUNO_DISP_AVAL(COD_DISCIPLINA, COD_ALUNO, COD_AVALIACAO, NOTA) VALUES ('LP1','1058355','AV3',6);
INSERT INTO ALUNO_DISP_AVAL(COD_DISCIPLINA, COD_ALUNO, COD_AVALIACAO, NOTA) VALUES ('SO1','1058355','AV1',6);
INSERT INTO ALUNO_DISP_AVAL(COD_DISCIPLINA, COD_ALUNO, COD_AVALIACAO, NOTA) VALUES ('SO1','1058355','AV2',7);
INSERT INTO ALUNO_DISP_AVAL(COD_DISCIPLINA, COD_ALUNO, COD_AVALIACAO, NOTA) VALUES ('SO1','1058355','AV3',3);

-- LISTAGEM GERAL - TABELAS BASE
SELECT * FROM cidade;
SELECT * FROM aluno;
SELECT * FROM disciplina;
SELECT * FROM avaliacao;

-- LISTAGEM GERAL - TABELAS DE LIGAÇÃO

SELECT * FROM aluno_disciplina;
SELECT * FROM aluno_disp_aval;

-- ORDENAÇÃO
SELECT * FROM professor ORDER BY nome_professor ASC;
SELECT * FROM professor ORDER BY nome_professor DESC;

-- FUNÇÕES BASICAS

SELECT COUNT(*) FROM cidade;
SELECT MAX(NOTA) FROM aluno_disp_aval; --MÁXIMO VALOR
SELECT MIN(NOTA) FROM aluno_disp_aval; --MÍNIMO VALOR
SELECT AVG(NOTA) FROM aluno_disp_aval; --MÉDIA
SELECT ROUND(AVG(NOTA),1) FROM aluno_disp_aval; --MÉDIA COM ARREDONDAMENTO
SELECT UPPER(nome_aluno) FROM aluno; -- MAIÚSCULO
SELECT LOWER(nome_aluno) FROM aluno; -- MINÚSCULO

-- OPERADORES
SELECT * FROM CIDADE WHERE COD_CIDADE = 3; -- CONDIÇÃO IGUAL
SELECT * FROM CIDADE WHERE COD_CIDADE != 3; -- CONDIÇÃO DIFERENTE
SELECT * FROM CIDADE WHERE COD_CIDADE > 3; -- CONDIÇÃO MAIOR
SELECT * FROM CIDADE WHERE COD_CIDADE < 3; -- CONDIÇÃO MENOR
SELECT * FROM CIDADE WHERE COD_CIDADE > 1 AND COD_CIDADE <5; -- AND, MAIOR E MENOR
SELECT * FROM CIDADE WHERE COD_CIDADE <= 1 OR COD_CIDADE >= 5; -- OR, MAIOR E MENOR
SELECT * FROM CIDADE WHERE nome_cidade LIKE 'B%';  -- COMEÇA COM B E NÃO IMPORTA O RESTO
SELECT * FROM CIDADE WHERE COD_CIDADE BETWEEN 1 AND 4; -- ENTRE 1 E 4
SELECT * FROM CIDADE WHERE COD_CIDADE  IN(SELECT COD_CIDADE FROM ALUNO); -- TODOS OS CODIGO CIDADES QUE ESTÃO EM ALUNO

COMMIT;

grant select on CIDADE TO PUBLIC;
GRANT SELECT ON PROFESSOR TO PUBLIC;
GRANT SELECT ON DISCIPLINA TO PUBLIC;
GRANT SELECT ON ALUNO TO PUBLIC;
GRANT SELECT ON ALUNO_DISCIPLINA TO PUBLIC;
GRANT SELECT ON AVALIACAO TO PUBLIC;
GRANT SELECT ON ALUNO_DISP_AVAL TO PUBLIC;